{
  "model": {
    "type": "minecraft:condition",
    "component": "minecraft:lodestone_tracker",
    "on_false": {
      "type": "minecraft:model",
      "model": "pvpbros:item/scout/offhand/compass/trailblazer/16"
      "fallback": {
        "type": "minecraft:model",
        "model": "pvpbros:item/scout/offhand/compass/trailblazer/16"
      },
    },
    "on_true": {
      "type": "minecraft:range_dispatch",
      "entries": [
        {
          "model": {
            "type": "minecraft:model",
            "model": "pvpbros:item/scout/offhand/compass/trailblazer/16"
          },
          "threshold": 0.0
        },
        {
          "model": {
            "type": "minecraft:model",
            "model": "pvpbros:item/scout/offhand/compass/trailblazer/17"
          },
          "threshold": 0.5
        },
        {
          "model": {
            "type": "minecraft:model",
            "model": "pvpbros:item/scout/offhand/compass/trailblazer/18"
          },
          "threshold": 1.5
        },
        {
          "model": {
            "type": "minecraft:model",
            "model": "pvpbros:item/scout/offhand/compass/trailblazer/19"
          },
          "threshold": 2.5
        },
        {
          "model": {
            "type": "minecraft:model",
            "model": "pvpbros:item/scout/offhand/compass/trailblazer/20"
          },
          "threshold": 3.5
        },
        {
          "model": {
            "type": "minecraft:model",
            "model": "pvpbros:item/scout/offhand/compass/trailblazer/21"
          },
          "threshold": 4.5
        },
        {
          "model": {
            "type": "minecraft:model",
            "model": "pvpbros:item/scout/offhand/compass/trailblazer/22"
          },
          "threshold": 5.5
        },
        {
          "model": {
            "type": "minecraft:model",
            "model": "pvpbros:item/scout/offhand/compass/trailblazer/23"
          },
          "threshold": 6.5
        },
        {
          "model": {
            "type": "minecraft:model",
            "model": "pvpbros:item/scout/offhand/compass/trailblazer/24"
          },
          "threshold": 7.5
        },
        {
          "model": {
            "type": "minecraft:model",
            "model": "pvpbros:item/scout/offhand/compass/trailblazer/25"
          },
          "threshold": 8.5
        },
        {
          "model": {
            "type": "minecraft:model",
            "model": "pvpbros:item/scout/offhand/compass/trailblazer/26"
          },
          "threshold": 9.5
        },
        {
          "model": {
            "type": "minecraft:model",
            "model": "pvpbros:item/scout/offhand/compass/trailblazer/27"
          },
          "threshold": 10.5
        },
        {
          "model": {
            "type": "minecraft:model",
            "model": "pvpbros:item/scout/offhand/compass/trailblazer/28"
          },
          "threshold": 11.5
        },
        {
          "model": {
            "type": "minecraft:model",
            "model": "pvpbros:item/scout/offhand/compass/trailblazer/29"
          },
          "threshold": 12.5
        },
        {
          "model": {
            "type": "minecraft:model",
            "model": "pvpbros:item/scout/offhand/compass/trailblazer/30"
          },
          "threshold": 13.5
        },
        {
          "model": {
            "type": "minecraft:model",
            "model": "pvpbros:item/scout/offhand/compass/trailblazer/31"
          },
          "threshold": 14.5
        },
        {
          "model": {
            "type": "minecraft:model",
            "model": "pvpbros:item/scout/offhand/compass/trailblazer/00"
          },
          "threshold": 15.5
        },
        {
          "model": {
            "type": "minecraft:model",
            "model": "pvpbros:item/scout/offhand/compass/trailblazer/01"
          },
          "threshold": 16.5
        },
        {
          "model": {
            "type": "minecraft:model",
            "model": "pvpbros:item/scout/offhand/compass/trailblazer/02"
          },
          "threshold": 17.5
        },
        {
          "model": {
            "type": "minecraft:model",
            "model": "pvpbros:item/scout/offhand/compass/trailblazer/03"
          },
          "threshold": 18.5
        },
        {
          "model": {
            "type": "minecraft:model",
            "model": "pvpbros:item/scout/offhand/compass/trailblazer/04"
          },
          "threshold": 19.5
        },
        {
          "model": {
            "type": "minecraft:model",
            "model": "pvpbros:item/scout/offhand/compass/trailblazer/05"
          },
          "threshold": 20.5
        },
        {
          "model": {
            "type": "minecraft:model",
            "model": "pvpbros:item/scout/offhand/compass/trailblazer/06"
          },
          "threshold": 21.5
        },
        {
          "model": {
            "type": "minecraft:model",
            "model": "pvpbros:item/scout/offhand/compass/trailblazer/07"
          },
          "threshold": 22.5
        },
        {
          "model": {
            "type": "minecraft:model",
            "model": "pvpbros:item/scout/offhand/compass/trailblazer/08"
          },
          "threshold": 23.5
        },
        {
          "model": {
            "type": "minecraft:model",
            "model": "pvpbros:item/scout/offhand/compass/trailblazer/09"
          },
          "threshold": 24.5
        },
        {
          "model": {
            "type": "minecraft:model",
            "model": "pvpbros:item/scout/offhand/compass/trailblazer/10"
          },
          "threshold": 25.5
        },
        {
          "model": {
            "type": "minecraft:model",
            "model": "pvpbros:item/scout/offhand/compass/trailblazer/11"
          },
          "threshold": 26.5
        },
        {
          "model": {
            "type": "minecraft:model",
            "model": "pvpbros:item/scout/offhand/compass/trailblazer/12"
          },
          "threshold": 27.5
        },
        {
          "model": {
            "type": "minecraft:model",
            "model": "pvpbros:item/scout/offhand/compass/trailblazer/13"
          },
          "threshold": 28.5
        },
        {
          "model": {
            "type": "minecraft:model",
            "model": "pvpbros:item/scout/offhand/compass/trailblazer/14"
          },
          "threshold": 29.5
        },
        {
          "model": {
            "type": "minecraft:model",
            "model": "pvpbros:item/scout/offhand/compass/trailblazer/15"
          },
          "threshold": 30.5
        },
        {
          "model": {
            "type": "minecraft:model",
            "model": "pvpbros:item/scout/offhand/compass/trailblazer/16"
          },
          "threshold": 31.5
        }
      ],
      "property": "minecraft:compass",
      "scale": 32.0,
      "target": "lodestone"
    },
    "property": "minecraft:has_component"
	"fallback": {
        "type": "minecraft:model",
        "model": "pvpbros:item/scout/offhand/compass/trailblazer/16"
      }
  }
}