{
  "parent": "item/generated",
  "gui_light": "front",
  "display": {
    "gui": {
      "rotation": [ 0, 0, 0 ],
      "translation": [ 0, 0, 0 ],
      "scale":[ 1.33, 1.33, 1 ]
    },
    "ground": {
      "translation": [ 0, 2, 0 ],
      "scale": [ 1, 1, 0.5 ]
    },
    "head": {
      "rotation": [ 0, 0, 0 ],
      "translation": [ 0, 2, 0],
      "scale":[ 1, 1, 0.5 ]
    },
    "thirdperson_righthand": {
      "rotation": [ 0, -90, 55 ],
      "translation": [ 0, 0, 1 ],
      "scale": [ 1.7, 1.7, 0.85 ]
    },
    "thirdperson_lefthand": {
      "rotation": [ 0, 90, -55 ],
      "translation": [ 0, 0, 1 ],
      "scale": [ 1.7, 1.7, 0.85 ]
    },
    "firstperson_righthand": {
      "rotation": [ 0, -90, 25 ],
      "translation": [ 1.13, 3.2, 1.13 ],
      "scale": [ 1.4, 1.4, 0.68 ]
    },
    "firstperson_lefthand": {
      "rotation": [ 0, 90, -25 ],
      "translation": [ 1.13, 3.2, 1.13 ],
      "scale": [ 1.4, 1.4, 0.68 ]
    },
    "fixed": {
      "rotation": [ 0, 180, 0 ],
      "translation": [0, 0, 0],
      "scale": [ 2, 2, 1 ]
    }
  }
}