{
    "parent": "item/generated",
    "display": {
        "thirdperson_righthand": {
            "rotation": [ 0, -90, 0 ],
            "translation": [ 2.51, -2, 4 ],
            "scale": [ 1, 1, 1.01 ]
        },
        "thirdperson_lefthand": {
            "rotation": [ 0, 90, 0 ],
            "translation": [ 2.51, -2, 4 ],
            "scale": [ 1, 1, 1.01 ]
        },
        "firstperson_righthand": {
            "rotation": [ 0, -10, 0 ],
            "translation": [ 0, 0.5, 1 ],
            "scale": [ 0.68, 0.68, 0.68 ]
        },
        "firstperson_lefthand": {
            "rotation": [ 0, -190, 0 ],
            "translation": [ 0, 0.5, 1 ],
            "scale": [ 0.68, 0.68, 0.68 ]
        },
		"gui": {
            "rotation": [ 0, 0, 0 ],
            "translation": [ 0, 0, 0 ],
            "scale": [ 1, 1, 1 ]
        },
        "fixed": {
            "rotation": [ 0, 180, 0 ],
            "scale": [ 1, 1, 1 ]
        }
    }
}
