{
    "parent": "item/generated",
    "display": {
        "thirdperson_righthand": {
            "rotation": [ 0, -90, 55 ],
            "translation": [ 0, 0, 2 ],
            "scale": [ 1.7, 1.7, 0.85 ]
        },
        "thirdperson_lefthand": {
            "rotation": [ 0, 90, -55 ],
            "translation": [ 0, 0, 2 ],
            "scale": [ 1.7, 1.7, 0.85 ]
        },
        "firstperson_righthand": {
            "rotation": [ 0, -90, 25 ],
            "translation": [ 0, 0.5, 1.13 ],
            "scale": [ 1.36, 1.36, 0.68 ]
        },
        "firstperson_lefthand": {
            "rotation": [ 0, 90, -25 ],
            "translation": [ 0, 0.5, 1.13 ],
            "scale": [ 1.36, 1.36, 0.68 ]
        },
		"gui": {
            "rotation": [ 0, 0, 0 ],
            "translation": [ 0, 0, 0 ],
            "scale": [ 1.33, 1.33, 1.33 ]
        },
        "fixed": {
            "rotation": [ 0, 180, 0 ],
            "scale": [ 1.33, 1.33, 1.33 ]
        }
    }
}
