{
  "model": {
    "type": "minecraft:condition",
    "component": "minecraft:lodestone_tracker",
    "on_false": {
      "type": "minecraft:model",
      "model": "pvpbros:item/scout/offhand/compass/navigator/16"
    },
    "on_true": {
      "type": "minecraft:range_dispatch",
      "entries": [
        {
          "model": {
            "type": "minecraft:model",
            "model": "pvpbros:item/scout/offhand/compass/navigator/16"
          },
          "threshold": 0.0
        },
        {
          "model": {
            "type": "minecraft:model",
            "model": "pvpbros:item/scout/offhand/compass/navigator/17"
          },
          "threshold": 0.5
        },
        {
          "model": {
            "type": "minecraft:model",
            "model": "pvpbros:item/scout/offhand/compass/navigator/18"
          },
          "threshold": 1.5
        },
        {
          "model": {
            "type": "minecraft:model",
            "model": "pvpbros:item/scout/offhand/compass/navigator/19"
          },
          "threshold": 2.5
        },
        {
          "model": {
            "type": "minecraft:model",
            "model": "pvpbros:item/scout/offhand/compass/navigator/20"
          },
          "threshold": 3.5
        },
        {
          "model": {
            "type": "minecraft:model",
            "model": "pvpbros:item/scout/offhand/compass/navigator/21"
          },
          "threshold": 4.5
        },
        {
          "model": {
            "type": "minecraft:model",
            "model": "pvpbros:item/scout/offhand/compass/navigator/22"
          },
          "threshold": 5.5
        },
        {
          "model": {
            "type": "minecraft:model",
            "model": "pvpbros:item/scout/offhand/compass/navigator/23"
          },
          "threshold": 6.5
        },
        {
          "model": {
            "type": "minecraft:model",
            "model": "pvpbros:item/scout/offhand/compass/navigator/24"
          },
          "threshold": 7.5
        },
        {
          "model": {
            "type": "minecraft:model",
            "model": "pvpbros:item/scout/offhand/compass/navigator/25"
          },
          "threshold": 8.5
        },
        {
          "model": {
            "type": "minecraft:model",
            "model": "pvpbros:item/scout/offhand/compass/navigator/26"
          },
          "threshold": 9.5
        },
        {
          "model": {
            "type": "minecraft:model",
            "model": "pvpbros:item/scout/offhand/compass/navigator/27"
          },
          "threshold": 10.5
        },
        {
          "model": {
            "type": "minecraft:model",
            "model": "pvpbros:item/scout/offhand/compass/navigator/28"
          },
          "threshold": 11.5
        },
        {
          "model": {
            "type": "minecraft:model",
            "model": "pvpbros:item/scout/offhand/compass/navigator/29"
          },
          "threshold": 12.5
        },
        {
          "model": {
            "type": "minecraft:model",
            "model": "pvpbros:item/scout/offhand/compass/navigator/30"
          },
          "threshold": 13.5
        },
        {
          "model": {
            "type": "minecraft:model",
            "model": "pvpbros:item/scout/offhand/compass/navigator/31"
          },
          "threshold": 14.5
        },
        {
          "model": {
            "type": "minecraft:model",
            "model": "pvpbros:item/scout/offhand/compass/navigator/00"
          },
          "threshold": 15.5
        },
        {
          "model": {
            "type": "minecraft:model",
            "model": "pvpbros:item/scout/offhand/compass/navigator/01"
          },
          "threshold": 16.5
        },
        {
          "model": {
            "type": "minecraft:model",
            "model": "pvpbros:item/scout/offhand/compass/navigator/02"
          },
          "threshold": 17.5
        },
        {
          "model": {
            "type": "minecraft:model",
            "model": "pvpbros:item/scout/offhand/compass/navigator/03"
          },
          "threshold": 18.5
        },
        {
          "model": {
            "type": "minecraft:model",
            "model": "pvpbros:item/scout/offhand/compass/navigator/04"
          },
          "threshold": 19.5
        },
        {
          "model": {
            "type": "minecraft:model",
            "model": "pvpbros:item/scout/offhand/compass/navigator/05"
          },
          "threshold": 20.5
        },
        {
          "model": {
            "type": "minecraft:model",
            "model": "pvpbros:item/scout/offhand/compass/navigator/06"
          },
          "threshold": 21.5
        },
        {
          "model": {
            "type": "minecraft:model",
            "model": "pvpbros:item/scout/offhand/compass/navigator/07"
          },
          "threshold": 22.5
        },
        {
          "model": {
            "type": "minecraft:model",
            "model": "pvpbros:item/scout/offhand/compass/navigator/08"
          },
          "threshold": 23.5
        },
        {
          "model": {
            "type": "minecraft:model",
            "model": "pvpbros:item/scout/offhand/compass/navigator/09"
          },
          "threshold": 24.5
        },
        {
          "model": {
            "type": "minecraft:model",
            "model": "pvpbros:item/scout/offhand/compass/navigator/10"
          },
          "threshold": 25.5
        },
        {
          "model": {
            "type": "minecraft:model",
            "model": "pvpbros:item/scout/offhand/compass/navigator/11"
          },
          "threshold": 26.5
        },
        {
          "model": {
            "type": "minecraft:model",
            "model": "pvpbros:item/scout/offhand/compass/navigator/12"
          },
          "threshold": 27.5
        },
        {
          "model": {
            "type": "minecraft:model",
            "model": "pvpbros:item/scout/offhand/compass/navigator/13"
          },
          "threshold": 28.5
        },
        {
          "model": {
            "type": "minecraft:model",
            "model": "pvpbros:item/scout/offhand/compass/navigator/14"
          },
          "threshold": 29.5
        },
        {
          "model": {
            "type": "minecraft:model",
            "model": "pvpbros:item/scout/offhand/compass/navigator/15"
          },
          "threshold": 30.5
        },
        {
          "model": {
            "type": "minecraft:model",
            "model": "pvpbros:item/scout/offhand/compass/navigator/16"
          },
          "threshold": 31.5
        }
      ],
      "property": "minecraft:compass",
      "scale": 32.0,
      "target": "lodestone"
    },
    "property": "minecraft:has_component"
  }
}