{
    "parent": "item/bow",
    "display": {
        "thirdperson_righthand": {
            "rotation": [ -80, 260, -40 ],
            "translation": [ -1, -2, 2.5 ],
            "scale": [ 1.8, 1.8, 0.9 ]
        },
        "thirdperson_lefthand": {
            "rotation": [ -80, -280, 40 ],
            "translation": [ -1, -2, 2.5 ],
            "scale": [ 1.8, 1.8, 0.9 ]
        },
        "firstperson_righthand": {
            "rotation": [ 0, -90, 25 ],
            "translation": [ 1.13, 3.2, 1.13],
            "scale": [ 1.26, 1.26, 0.68 ]
        },
        "firstperson_lefthand": {
            "rotation": [ 0, 90, -25 ],
            "translation": [ 1.13, 3.2, 1.13],
            "scale": [ 0.68, 0.68, 0.68 ]
        },
        "gui": {
            "rotation": [ 0, 0, 0 ],
            "translation": [ -1.5, 1.5, 0],
            "scale": [ 1.6, 1.6, 1.6 ]
        },
        "fixed": {
            "rotation": [ 0, 180, 0 ],
            "translation": [ 1.5, 1.5, 0],
            "scale": [ 1.6, 1.6, 1.6 ]
        }
    }
}
