{
  "model": {
    "type": "minecraft:condition",
    "on_false": {
      "type": "minecraft:model",
      "model": "pvpbros:item/archer/bow/short/exquisite"
    },
    "on_true": {
      "type": "minecraft:range_dispatch",
      "entries": [
        {
          "model": {
            "type": "minecraft:model",
            "model": "pvpbros:item/archer/bow/short/exquisite_1"
          },
          "threshold": 0.65
        },
        {
          "model": {
            "type": "minecraft:model",
            "model": "pvpbros:item/archer/bow/short/exquisite_2"
          },
          "threshold": 0.9
        }
      ],
      "fallback": {
        "type": "minecraft:model",
        "model": "pvpbros:item/archer/bow/short/exquisite_0"
      },
      "property": "minecraft:use_duration",
      "scale": 0.05
    },
    "property": "minecraft:using_item"
  }
}